session,skipped_node_1,skipped_node_2,skipped_node_3,skipped_node_4,skipped_node_5,skipped_node_6,nodes_skipped,Trainee launched node/1,Trainee attempted node/1,Trainee skipped node/1,Trainee passed node/1,Trainee launched node/2,Trainee attempted node/2,Trainee skipped node/2,Trainee passed node/2,Trainee launched node/3,Trainee attempted node/3,Trainee skipped node/3,Trainee passed node/3,Trainee launched node/4,Trainee attempted node/4,Trainee skipped node/4,Trainee passed node/4,Trainee launched node/5,Trainee attempted node/5,Trainee skipped node/5,Trainee passed node/5,Trainee launched node/6,Trainee attempted node/6,Trainee skipped node/6,Trainee passed node/6,time_for_node_1,time_for_node_2,time_for_node_3,time_for_node_4,time_for_node_5,time_for_node_6,sequence_completed,skipped_corner_1,skipped_corner_2,skipped_corner_3,skipped_corner_4,time_for_corner_1,time_for_corner_2,time_for_corner_3,time_for_corner_4,score_corner_1,score_corner_2,score_corner_3,score_corner_4,overall_score,score_activity_01,score_activity_02,score_activity_03,score_activity_04,score_activity_05,score_activity_06,score_activity_07,score_activity_08,score_activity_09,score_activity_10,score_activity_11,score_activity_12,score_activity_13,score_activity_14,score_competence_10_02,score_competence_10_03,score_competence_10_04,score_competence_10_05,score_competence_10_08,score_competence_10_10
AFJLH,0,0,0,0,0,0,0,2019-04-03T15:01:08Z,2019-04-03T15:01:48Z,NA,2019-04-03T15:02:08Z,2019-04-03T15:02:09Z,2019-04-03T15:02:17Z,NA,2019-04-03T15:02:22Z,2019-04-03T15:02:22Z,2019-04-03T15:02:42Z,NA,2019-04-03T15:02:44Z,2019-04-03T15:02:44Z,2019-04-03T15:03:15Z,NA,2019-04-03T15:03:47Z,2019-04-03T15:03:47Z,2019-04-03T15:03:51Z,NA,2019-04-03T15:04:10Z,2019-04-03T15:04:11Z,2019-04-03T15:04:13Z,NA,2019-04-03T15:04:25Z,60.3610000610352,13.5799999237061,21.7990000247955,63.1330001354218,23.5439999103546,14.1579999923706,TRUE,0,0,0,0,95.7400000095367,63.1330001354218,23.5439999103546,14.157999992370605,1,1,1,1,1,1,1,1,1,1,1,1,1,1,1,1,1,1,1,1,1,1,1,1,1
AULWB,0,0,0,0,0,0,0,2019-04-04T10:29:08Z,2019-04-04T10:29:46Z,NA,2019-04-04T10:30:05Z,2019-04-04T10:30:05Z,2019-04-04T10:30:15Z,NA,2019-04-04T10:30:23Z,2019-04-04T10:30:23Z,2019-04-04T10:30:54Z,NA,2019-04-04T10:31:00Z,2019-04-04T10:31:00Z,2019-04-04T10:32:17Z,NA,2019-04-04T10:32:24Z,2019-04-04T10:32:25Z,2019-04-04T10:32:47Z,NA,2019-04-04T10:32:55Z,2019-04-04T10:32:55Z,2019-04-04T10:33:00Z,NA,2019-04-04T10:33:16Z,57.085000038147,18.047000169754,36.8499999046326,84.6679999828339,30.8369998931885,20.3890001773834,TRUE,0,0,0,0,111.982000112534,84.6679999828339,30.8369998931885,20.389000177383423,1,1,1,1,1,1,1,1,1,1,1,1,1,1,1,1,1,1,1,1,1,1,1,1,1
BRRFG,0,0,0,0,1,1,2,2019-04-03T13:46:45Z,2019-04-03T13:47:20Z,NA,2019-04-03T13:47:24Z,2019-04-03T13:47:24Z,2019-04-03T13:47:40Z,NA,2019-04-03T13:47:42Z,2019-04-03T13:47:42Z,2019-04-03T13:48:15Z,NA,2019-04-03T13:48:17Z,2019-04-03T13:48:17Z,2019-04-03T13:49:30Z,NA,2019-04-03T13:49:32Z,2019-04-03T13:49:32Z,2019-04-03T13:49:56Z,2019-04-03T13:49:58Z,NA,2019-04-03T13:49:59Z,2019-04-03T13:50:00Z,2019-04-03T13:50:01Z,NA,38.4319999217987,18.0639998912811,35.0280001163483,75.0429999828339,26.4530000686646,-Inf,FALSE,0,0,1,1,91.5239999294281,75.0429999828339,26.4530000686646,NA,1,1,0.88,0,1,1,1,1,1,1,1,1,1,1,1,1,1,1,1,1,1,1,1,1,1
CBOPS,0,0,0,0,1,0,1,2019-04-04T08:36:18Z,2019-04-04T08:36:42Z,NA,2019-04-04T08:37:02Z,2019-04-04T08:37:02Z,2019-04-04T08:37:37Z,NA,2019-04-04T08:37:53Z,2019-04-04T08:37:53Z,2019-04-04T08:38:02Z,NA,2019-04-04T08:38:09Z,2019-04-04T08:38:09Z,2019-04-04T08:38:28Z,NA,2019-04-04T08:39:05Z,2019-04-04T08:39:05Z,2019-04-04T08:39:14Z,2019-04-04T08:39:23Z,NA,2019-04-04T08:39:23Z,2019-04-04T08:39:28Z,NA,2019-04-04T08:39:57Z,44.3210000991821,50.489000082016,16.0729999542236,56.2179999351501,18.1349999904633,33.7469999790192,TRUE,0,0,1,0,110.883000135422,56.2179999351501,18.1349999904633,33.746999979019165,1,1,0.88,1,1,1,1,1,1,1,1,1,1,1,1,1,1,1,1,1,1,1,1,1,1
CCLES,0,0,0,0,1,1,2,2019-04-02T15:21:16Z,2019-04-02T15:22:24Z,NA,2019-04-02T15:22:43Z,2019-04-02T15:22:43Z,2019-04-02T15:23:42Z,NA,2019-04-02T15:23:44Z,2019-04-02T15:23:44Z,2019-04-02T15:24:00Z,NA,2019-04-02T15:24:04Z,2019-04-02T15:24:04Z,2019-04-02T15:24:50Z,NA,2019-04-02T15:24:51Z,2019-04-02T15:24:51Z,2019-04-02T15:24:57Z,2019-04-02T15:24:59Z,NA,2019-04-02T15:24:59Z,2019-04-02T15:25:01Z,2019-04-02T15:25:02Z,NA,87.3950002193451,61.2379999160767,19.3899998664856,47.603000164032,7.63399982452393,-Inf,FALSE,0,0,1,1,168.023000001907,47.603000164032,7.63399982452393,NA,1,1,0,0,1,1,1,1,1,1,1,1,1,1,1,1,1,1,1,1,1,1,1,1,1
CFAIL,0,1,0,1,1,1,4,2019-04-01T15:30:06Z,2019-04-01T15:30:54Z,NA,2019-04-01T15:31:25Z,2019-04-01T15:31:26Z,2019-04-01T15:35:43Z,2019-04-01T15:36:44Z,NA,2019-04-01T15:36:44Z,2019-04-01T15:39:56Z,NA,2019-04-01T15:40:13Z,2019-04-01T15:40:13Z,2019-04-01T15:42:00Z,2019-04-01T15:42:54Z,NA,2019-04-01T15:42:54Z,2019-04-01T15:43:16Z,2019-04-01T15:44:36Z,NA,2019-04-01T15:44:36Z,2019-04-01T15:44:41Z,2019-04-01T15:45:16Z,NA,79.1449999809265,318.871000051498,209.092000007629,160.994999885559,101.598000049591,-Inf,FALSE,1,1,1,1,607.108000040054,160.994999885559,101.598000049591,NA,1,0.9,0.93,0.92,1,1,1,1,0,1,1,0,0,1,1,1,1,1,1,0.6,1,1,1,1,0
DMTQG,0,0,0,0,0,1,1,2019-04-03T11:58:11Z,2019-04-03T11:58:49Z,NA,2019-04-03T11:59:05Z,2019-04-03T11:59:05Z,2019-04-03T11:59:13Z,NA,2019-04-03T11:59:28Z,2019-04-03T11:59:28Z,2019-04-03T11:59:46Z,NA,2019-04-03T11:59:49Z,2019-04-03T11:59:49Z,2019-04-03T12:00:08Z,NA,2019-04-03T12:00:21Z,2019-04-03T12:00:21Z,2019-04-03T12:00:35Z,NA,2019-04-03T12:00:50Z,2019-04-03T12:00:50Z,2019-04-03T12:01:02Z,2019-04-03T12:01:04Z,NA,53.683000087738,23.0699999332428,21.1600000858307,31.7249999046326,29.085000038147,-Inf,FALSE,0,0,0,1,97.9130001068115,31.7249999046326,29.085000038147,NA,1,1,1,0.88,1,1,1,1,1,1,1,1,1,1,1,1,1,1,1,1,1,1,1,1,1
DNJPX,1,1,1,1,1,1,6,2019-04-02T14:35:04Z,2019-04-02T14:37:29Z,2019-04-02T14:37:33Z,NA,2019-04-02T14:37:33Z,2019-04-02T14:37:41Z,2019-04-02T14:37:44Z,NA,2019-04-02T14:37:45Z,2019-04-02T14:37:50Z,2019-04-02T14:37:53Z,NA,2019-04-02T14:37:53Z,2019-04-02T14:38:22Z,2019-04-02T14:38:31Z,NA,2019-04-02T14:38:32Z,2019-04-02T14:38:34Z,2019-04-02T14:38:35Z,NA,2019-04-02T14:38:35Z,2019-04-02T14:38:36Z,2019-04-02T14:38:38Z,NA,148.776000022888,11.4480001926422,8.18899989128113,38.8989999294281,3.2350001335144,-Inf,FALSE,1,1,1,1,168.413000106812,38.8989999294281,3.2350001335144,NA,0,0,0,0,0,0,0,0,0,0,0,0,0,0,0,0,0,0,0,0,0,0,0,0,0
EDQQQ,1,0,0,0,1,0,2,2019-04-03T13:14:48Z,2019-04-03T13:15:04Z,2019-04-03T13:15:07Z,NA,2019-04-03T13:15:07Z,2019-04-03T13:15:09Z,NA,2019-04-03T13:15:11Z,2019-04-03T13:15:12Z,2019-04-03T13:15:17Z,NA,2019-04-03T13:15:18Z,2019-04-03T13:15:18Z,2019-04-03T13:15:29Z,NA,2019-04-03T13:15:38Z,2019-04-03T13:15:38Z,2019-04-03T13:15:58Z,2019-04-03T13:16:00Z,NA,2019-04-03T13:16:00Z,2019-04-03T13:16:16Z,NA,2019-04-03T13:16:17Z,18.7359998226166,4.80100011825562,6.54099988937378,19.6050000190735,22.0190000534058,17.2139999866486,TRUE,1,0,1,0,30.077999830246,19.6050000190735,22.0190000534058,17.21399998664856,0,1,0.88,1,0,1,1,1,1,1,1,1,1,1,1,1,1,1,1,1,1,1,1,1,1
EGGHX,0,0,0,0,0,0,0,2019-04-03T13:01:54Z,2019-04-03T13:02:42Z,NA,2019-04-03T13:02:53Z,2019-04-03T13:02:54Z,2019-04-03T13:03:27Z,NA,2019-04-03T13:03:31Z,2019-04-03T13:03:32Z,2019-04-03T13:04:02Z,NA,2019-04-03T13:04:17Z,2019-04-03T13:04:17Z,2019-04-03T13:04:37Z,NA,2019-04-03T13:05:19Z,2019-04-03T13:05:19Z,2019-04-03T13:05:45Z,NA,2019-04-03T13:05:47Z,2019-04-03T13:05:47Z,2019-04-03T13:05:57Z,NA,2019-04-03T13:06:03Z,60.1519999504089,37.9760000705719,45.5869998931885,62.1890001296997,27.4479999542236,16.425999879837,TRUE,0,0,0,0,143.714999914169,62.1890001296997,27.4479999542236,16.425999879837036,1,1,1,1,1,1,1,1,1,1,1,1,1,1,1,1,1,1,1,1,1,1,1,1,1
ENQWB,0,1,0,1,1,1,4,2019-04-02T08:44:52Z,2019-04-02T08:46:26Z,NA,2019-04-02T08:46:58Z,2019-04-02T08:46:59Z,2019-04-02T08:47:11Z,2019-04-02T08:47:33Z,NA,2019-04-02T08:47:33Z,2019-04-02T08:47:50Z,NA,2019-04-02T08:48:02Z,2019-04-02T08:48:02Z,2019-04-02T08:48:28Z,2019-04-02T08:49:25Z,NA,2019-04-02T08:49:25Z,2019-04-02T08:49:37Z,2019-04-02T08:50:01Z,NA,2019-04-02T08:50:01Z,2019-04-02T08:50:05Z,2019-04-02T08:50:26Z,NA,127.134000062943,34.3339998722076,29.2700002193451,83.0230000019073,35.9079999923706,-Inf,FALSE,1,1,1,1,190.738000154495,83.0230000019073,35.9079999923706,NA,1,0.78,0.86,0.83,1,1,1,0,0,1,1,1,0,0,1,1,1,0,1,0.4,1,1,0.5,1,0
FBWPA,0,0,0,0,0,0,0,2019-04-03T15:23:57Z,2019-04-03T15:25:33Z,NA,2019-04-03T15:25:50Z,2019-04-03T15:25:50Z,2019-04-03T15:26:09Z,NA,2019-04-03T15:26:26Z,2019-04-03T15:26:26Z,2019-04-03T15:26:35Z,NA,2019-04-03T15:26:48Z,2019-04-03T15:26:48Z,2019-04-03T15:27:01Z,NA,2019-04-03T15:27:13Z,2019-04-03T15:27:13Z,2019-04-03T15:27:59Z,NA,2019-04-03T15:28:12Z,2019-04-03T15:28:12Z,2019-04-03T15:28:24Z,NA,2019-04-03T15:28:34Z,113.528000116348,35.6040000915527,22.1669998168945,25.0260000228882,59.0329999923706,22.0380001068115,TRUE,0,0,0,0,171.299000024796,25.0260000228882,59.0329999923706,22.038000106811523,1,1,1,1,1,1,1,1,1,1,1,1,1,1,1,1,1,1,1,1,1,1,1,1,1
FNECN,0,1,0,1,1,1,4,2019-04-03T14:23:29Z,2019-04-03T14:24:27Z,NA,2019-04-03T14:25:17Z,2019-04-03T14:25:17Z,2019-04-03T14:25:57Z,2019-04-03T14:26:26Z,NA,2019-04-03T14:26:26Z,2019-04-03T14:26:38Z,NA,2019-04-03T14:26:54Z,2019-04-03T14:26:54Z,2019-04-03T14:27:53Z,2019-04-03T14:27:55Z,NA,2019-04-03T14:27:55Z,2019-04-03T14:28:14Z,2019-04-03T14:28:36Z,NA,2019-04-03T14:28:36Z,2019-04-03T14:28:44Z,2019-04-03T14:29:05Z,NA,108.132999897003,68.9839999675751,28.1070001125336,60.4179999828339,41.0169999599457,-Inf,FALSE,1,1,1,1,205.223999977112,60.4179999828339,41.0169999599457,NA,1,0.96,0.96,0.96,1,1,1,1,1,1,1,1,0,1,1,1,1,1,1,1,1,1,1,1,0
FNICV,0,0,0,0,0,0,0,2019-04-04T14:05:59Z,2019-04-04T14:06:19Z,NA,2019-04-04T14:06:37Z,2019-04-04T14:06:37Z,2019-04-04T14:06:50Z,NA,2019-04-04T14:07:04Z,2019-04-04T14:07:05Z,2019-04-04T14:07:16Z,NA,2019-04-04T14:07:21Z,2019-04-04T14:07:22Z,2019-04-04T14:07:55Z,NA,2019-04-04T14:08:07Z,2019-04-04T14:08:07Z,2019-04-04T14:08:31Z,NA,2019-04-04T14:08:40Z,2019-04-04T14:08:40Z,2019-04-04T14:08:48Z,NA,2019-04-04T14:08:57Z,38.5799999237061,27.5039999485016,16.9860000610352,45.6050000190735,32.9200000762939,16.9029998779297,TRUE,0,0,0,0,83.0699999332428,45.6050000190735,32.9200000762939,16.902999877929688,1,1,1,1,1,1,1,1,1,1,1,1,1,1,1,1,1,1,1,1,1,1,1,1,1
FQUVG,0,0,0,1,1,1,3,2019-04-02T12:17:16Z,2019-04-02T12:18:32Z,NA,2019-04-02T12:18:35Z,2019-04-02T12:18:35Z,2019-04-02T12:20:29Z,NA,2019-04-02T12:20:34Z,2019-04-02T12:20:34Z,2019-04-02T12:20:58Z,NA,2019-04-02T12:21:01Z,2019-04-02T12:21:02Z,2019-04-02T12:21:18Z,2019-04-02T12:21:22Z,NA,2019-04-02T12:21:22Z,2019-04-02T12:21:46Z,2019-04-02T12:21:48Z,NA,2019-04-02T12:21:48Z,2019-04-02T12:21:50Z,2019-04-02T12:22:00Z,NA,79.2309999465942,119.27999997139,27.2960000038147,20.4370000362396,26.0060000419617,-Inf,FALSE,0,1,1,1,225.806999921799,20.4370000362396,26.0060000419617,NA,1,0.92,0.92,0.92,1,0,1,1,1,1,1,1,1,1,1,1,1,1,0,1,0.75,1,1,0,1
FWHDW,0,0,0,0,0,1,1,2019-04-03T09:47:02Z,2019-04-03T09:47:32Z,NA,2019-04-03T09:47:57Z,2019-04-03T09:47:58Z,2019-04-03T09:48:15Z,NA,2019-04-03T09:48:32Z,2019-04-03T09:48:32Z,2019-04-03T09:48:51Z,NA,2019-04-03T09:48:55Z,2019-04-03T09:48:55Z,2019-04-03T09:49:22Z,NA,2019-04-03T09:49:51Z,2019-04-03T09:49:51Z,2019-04-03T09:49:59Z,NA,2019-04-03T09:50:36Z,2019-04-03T09:50:36Z,2019-04-03T09:50:57Z,2019-04-03T09:51:00Z,NA,55.9300000667572,34.5069999694824,22.9680001735687,55.9919998645782,44.7980000972748,-Inf,FALSE,0,0,0,1,113.405000209808,55.9919998645782,44.7980000972748,NA,1,1,1,0.88,1,1,1,1,1,1,1,1,1,1,1,1,1,1,1,1,1,1,1,1,1
GEEHQ,0,0,0,0,0,0,0,2019-04-03T11:43:34Z,2019-04-03T11:44:19Z,NA,2019-04-03T11:44:42Z,2019-04-03T11:44:42Z,2019-04-03T11:44:51Z,NA,2019-04-03T11:45:03Z,2019-04-03T11:45:03Z,2019-04-03T11:45:11Z,NA,2019-04-03T11:45:20Z,2019-04-03T11:45:20Z,2019-04-03T11:45:29Z,NA,2019-04-03T11:45:41Z,2019-04-03T11:45:41Z,2019-04-03T11:45:54Z,NA,2019-04-03T11:46:04Z,2019-04-03T11:46:04Z,2019-04-03T11:46:09Z,NA,2019-04-03T11:46:19Z,67.9400000572205,20.5629999637604,16.9949998855591,20.9000000953674,22.8949999809265,15.260999917984,TRUE,0,0,0,0,105.49799990654,20.9000000953674,22.8949999809265,15.260999917984009,1,1,1,1,1,1,1,1,1,1,1,1,1,1,1,1,1,1,1,1,1,1,1,1,1
GICDK,0,0,0,1,1,1,3,2019-04-02T12:32:21Z,2019-04-02T12:33:16Z,NA,2019-04-02T12:33:18Z,2019-04-02T12:33:18Z,2019-04-02T12:33:57Z,NA,2019-04-02T12:33:59Z,2019-04-02T12:33:59Z,2019-04-02T12:34:46Z,NA,2019-04-02T12:34:50Z,2019-04-02T12:34:50Z,2019-04-02T12:35:30Z,2019-04-02T12:35:52Z,NA,2019-04-02T12:35:52Z,2019-04-02T12:35:55Z,2019-04-02T12:36:56Z,NA,2019-04-02T12:36:56Z,2019-04-02T12:36:58Z,2019-04-02T12:37:05Z,NA,57.4400000572205,40.539999961853,51.470999956131,61.7669999599457,64.1549999713898,-Inf,FALSE,0,1,1,1,149.450999975204,61.7669999599457,64.1549999713898,NA,1,0.96,0.88,0.88,1,0,1,1,1,1,1,1,1,1,1,1,1,1,1,1,0.75,1,1,1,1
GLADO,1,1,0,1,1,1,5,2019-04-02T08:55:58Z,2019-04-02T08:57:38Z,2019-04-02T08:58:02Z,NA,2019-04-02T08:58:02Z,2019-04-02T08:59:36Z,2019-04-02T09:00:09Z,NA,2019-04-02T09:00:09Z,2019-04-02T09:00:43Z,NA,2019-04-02T09:01:05Z,2019-04-02T09:01:06Z,2019-04-02T09:02:37Z,2019-04-02T09:03:31Z,NA,2019-04-02T09:03:31Z,2019-04-02T09:03:41Z,2019-04-02T09:05:13Z,NA,2019-04-02T09:05:13Z,2019-04-02T09:05:17Z,2019-04-02T09:06:09Z,NA,124.013999938965,126.907999992371,56.6349999904633,145.207999944687,102.107000112534,-Inf,FALSE,1,1,1,1,307.556999921799,145.207999944687,102.107000112534,NA,0.89,0.83,0.93,0.97,0.89,1,1,0,0,1,1,0,0,1,1,1,1,1,1,0.4,1,1,1,1,0
GRLWN,0,0,0,1,1,1,3,2019-04-02T11:46:47Z,2019-04-02T11:47:46Z,NA,2019-04-02T11:48:17Z,2019-04-02T11:48:17Z,2019-04-02T11:49:10Z,NA,2019-04-02T11:49:25Z,2019-04-02T11:49:25Z,2019-04-02T11:49:49Z,NA,2019-04-02T11:50:08Z,2019-04-02T11:50:09Z,2019-04-02T11:50:26Z,2019-04-02T11:51:39Z,NA,2019-04-02T11:51:39Z,2019-04-02T11:51:45Z,2019-04-02T11:52:48Z,NA,2019-04-02T11:52:49Z,2019-04-02T11:52:52Z,2019-04-02T11:53:27Z,NA,90.5199999809265,67.7929999828339,43.768000125885,90.210000038147,69.6119999885559,-Inf,FALSE,0,1,1,1,202.081000089645,90.210000038147,69.6119999885559,NA,1,0.85,0.83,0.88,1,1,1,1,1,1,1,1,1,1,1,1,0,0,0,0.8,0.75,1,1,0,1
HKGPH,0,0,0,0,0,0,0,2019-04-03T12:17:34Z,2019-04-03T12:18:07Z,NA,2019-04-03T12:18:22Z,2019-04-03T12:18:23Z,2019-04-03T12:18:40Z,NA,2019-04-03T12:19:15Z,2019-04-03T12:19:15Z,2019-04-03T12:19:28Z,NA,2019-04-03T12:19:36Z,2019-04-03T12:19:37Z,2019-04-03T12:19:43Z,NA,2019-04-03T12:19:59Z,2019-04-03T12:19:59Z,2019-04-03T12:20:16Z,NA,2019-04-03T12:20:34Z,2019-04-03T12:20:35Z,2019-04-03T12:20:38Z,NA,2019-04-03T12:20:50Z,48.5499999523163,52.5700001716614,21.3029999732971,22.7200000286102,35.2869999408722,15.194000005722,TRUE,0,0,0,0,122.423000097275,22.7200000286102,35.2869999408722,15.194000005722046,1,1,1,1,1,1,1,1,1,1,1,1,1,1,1,1,1,1,1,1,1,1,1,1,1
HQLPD,0,0,0,0,0,0,0,2019-04-04T11:03:44Z,2019-04-04T11:04:19Z,NA,2019-04-04T11:04:44Z,2019-04-04T11:04:44Z,2019-04-04T11:05:54Z,NA,2019-04-04T11:06:12Z,2019-04-04T11:06:12Z,2019-04-04T11:06:34Z,NA,2019-04-04T11:06:47Z,2019-04-04T11:06:47Z,2019-04-04T11:07:18Z,NA,2019-04-04T11:07:28Z,2019-04-04T11:07:28Z,2019-04-04T11:07:46Z,NA,2019-04-04T11:08:02Z,2019-04-04T11:08:03Z,2019-04-04T11:08:05Z,NA,2019-04-04T11:08:17Z,60.720999956131,87.9700000286102,34.5079998970032,41.0900001525879,34.6729998588562,14.8029999732971,TRUE,0,0,0,0,183.198999881744,41.0900001525879,34.6729998588562,14.80299997329712,1,1,1,1,1,1,1,1,1,1,1,1,1,1,1,1,1,1,1,1,1,1,1,1,1
HVXFD,0,0,0,0,1,0,1,2019-04-03T11:31:12Z,2019-04-03T11:31:39Z,NA,2019-04-03T11:31:58Z,2019-04-03T11:31:58Z,2019-04-03T11:32:06Z,NA,2019-04-03T11:32:31Z,2019-04-03T11:32:31Z,2019-04-03T11:32:44Z,NA,2019-04-03T11:33:12Z,2019-04-03T11:33:12Z,2019-04-03T11:33:33Z,NA,2019-04-03T11:33:45Z,2019-04-03T11:33:46Z,2019-04-03T11:34:13Z,2019-04-03T11:34:41Z,NA,2019-04-03T11:34:41Z,2019-04-03T11:34:46Z,NA,2019-04-03T11:34:59Z,46.4230000972748,33.1999998092651,41.0730001926422,33.2379999160767,55.6229999065399,18.0040001869202,TRUE,0,0,1,0,120.696000099182,33.2379999160767,55.6229999065399,18.004000186920166,1,1,0.88,1,1,1,1,1,1,1,1,1,1,1,1,1,1,1,1,1,1,1,1,1,1
ICDWY,0,1,0,1,1,1,4,2019-04-02T10:53:08Z,2019-04-02T10:54:45Z,NA,2019-04-02T10:55:56Z,2019-04-02T10:55:56Z,2019-04-02T10:56:52Z,2019-04-02T10:57:21Z,NA,2019-04-02T10:57:21Z,2019-04-02T10:57:49Z,NA,2019-04-02T10:58:06Z,2019-04-02T10:58:06Z,2019-04-02T10:58:27Z,2019-04-02T10:59:11Z,NA,2019-04-02T10:59:11Z,2019-04-02T10:59:20Z,2019-04-02T10:59:55Z,NA,2019-04-02T10:59:55Z,2019-04-02T10:59:59Z,2019-04-02T11:00:13Z,NA,168.260999917984,84.893000125885,45.2379999160767,65.4210000038147,43.6909999847412,-Inf,FALSE,1,1,1,1,298.391999959946,65.4210000038147,43.6909999847412,NA,1,0.96,0.97,0.83,1,1,1,1,1,1,1,1,0,1,1,1,1,1,1,1,1,1,1,1,0
ICEWL,0,0,0,0,0,0,0,2019-04-04T08:19:30Z,2019-04-04T08:20:11Z,NA,2019-04-04T08:20:31Z,2019-04-04T08:20:31Z,2019-04-04T08:21:03Z,NA,2019-04-04T08:21:38Z,2019-04-04T08:21:39Z,2019-04-04T08:22:18Z,NA,2019-04-04T08:22:23Z,2019-04-04T08:22:23Z,2019-04-04T08:23:03Z,NA,2019-04-04T08:23:15Z,2019-04-04T08:23:16Z,2019-04-04T08:23:48Z,NA,2019-04-04T08:24:07Z,2019-04-04T08:24:07Z,2019-04-04T08:24:13Z,NA,2019-04-04T08:24:36Z,61.039999961853,67.7779998779297,44.4660000801086,52.5139999389648,51.7339999675751,28.694000005722,TRUE,0,0,0,0,173.283999919891,52.5139999389648,51.7339999675751,28.694000005722046,1,1,1,1,1,1,1,1,1,1,1,1,1,1,1,1,1,1,1,1,1,1,1,1,1
ILWAF,0,0,0,0,0,1,1,2019-04-04T15:28:12Z,2019-04-04T15:28:52Z,NA,2019-04-04T15:29:13Z,2019-04-04T15:29:13Z,2019-04-04T15:29:34Z,NA,2019-04-04T15:29:39Z,2019-04-04T15:29:40Z,2019-04-04T15:30:08Z,NA,2019-04-04T15:30:12Z,2019-04-04T15:30:12Z,2019-04-04T15:31:07Z,NA,2019-04-04T15:31:17Z,2019-04-04T15:31:17Z,2019-04-04T15:31:37Z,NA,2019-04-04T15:32:20Z,2019-04-04T15:32:21Z,2019-04-04T15:32:23Z,2019-04-04T15:32:35Z,NA,60.7030000686646,26.5989999771118,32.2109999656677,65.2200000286102,63.6600000858307,-Inf,FALSE,0,0,0,1,119.513000011444,65.2200000286102,63.6600000858307,NA,1,1,1,0.96,1,1,1,1,1,1,1,1,1,1,1,1,1,1,1,1,1,1,1,1,1
JASMD,0,1,0,0,0,0,1,2019-04-04T12:21:21Z,2019-04-04T12:21:49Z,NA,2019-04-04T12:22:11Z,2019-04-04T12:22:11Z,2019-04-04T12:22:21Z,2019-04-04T12:22:48Z,NA,2019-04-04T12:22:48Z,2019-04-04T12:23:16Z,NA,2019-04-04T12:23:19Z,2019-04-04T12:23:19Z,2019-04-04T12:23:35Z,NA,2019-04-04T12:23:48Z,2019-04-04T12:23:49Z,2019-04-04T12:24:28Z,NA,2019-04-04T12:24:53Z,2019-04-04T12:24:53Z,2019-04-04T12:24:58Z,NA,2019-04-04T12:25:12Z,50.2990000247955,36.5390000343323,31.3789999485016,29.5069999694824,64.7019999027252,19.1010000705719,TRUE,1,0,0,0,118.217000007629,29.5069999694824,64.7019999027252,19.1010000705719,1,1,1,1,1,1,1,1,1,1,1,1,1,1,1,1,1,1,1,1,1,1,1,1,1
JQFUL,0,0,0,1,0,0,1,2019-04-02T12:54:06Z,2019-04-02T12:55:12Z,NA,2019-04-02T12:55:14Z,2019-04-02T12:55:14Z,2019-04-02T12:55:55Z,NA,2019-04-02T12:55:56Z,2019-04-02T12:55:57Z,2019-04-02T12:56:13Z,NA,2019-04-02T12:56:15Z,2019-04-02T12:56:15Z,2019-04-02T12:57:33Z,2019-04-02T12:57:35Z,NA,2019-04-02T12:57:35Z,2019-04-02T12:58:28Z,NA,2019-04-02T12:58:31Z,2019-04-02T12:58:31Z,2019-04-02T12:58:36Z,NA,2019-04-02T12:58:45Z,68.2309999465942,42.6890001296997,18.3149998188019,79.9500000476837,56.5529999732971,13.422000169754,TRUE,0,1,0,0,129.234999895096,79.9500000476837,56.5529999732971,13.422000169754028,1,0.92,1,1,1,0,1,1,1,1,1,1,1,1,1,1,1,1,0,1,0.75,1,1,0,1
KLXIY,0,0,0,1,1,1,3,2019-04-03T13:34:35Z,2019-04-03T13:35:22Z,NA,2019-04-03T13:36:02Z,2019-04-03T13:36:02Z,2019-04-03T13:36:55Z,NA,2019-04-03T13:36:59Z,2019-04-03T13:37:00Z,2019-04-03T13:38:02Z,NA,2019-04-03T13:38:04Z,2019-04-03T13:38:04Z,2019-04-03T13:39:25Z,2019-04-03T13:39:27Z,NA,2019-04-03T13:39:27Z,2019-04-03T13:40:33Z,2019-04-03T13:40:48Z,NA,2019-04-03T13:40:48Z,2019-04-03T13:40:50Z,2019-04-03T13:40:52Z,NA,87.1860001087189,57.7679998874664,64.2780001163483,83.3250000476837,80.6309998035431,-Inf,FALSE,0,1,1,1,209.232000112534,83.3250000476837,80.6309998035431,NA,1,0.88,0.88,0,1,1,1,1,1,1,1,1,1,1,1,1,0,0,0,0.8,0.75,1,1,0,1
KYOAQ,0,1,0,1,1,1,4,2019-04-04T09:30:47Z,2019-04-04T09:32:15Z,NA,2019-04-04T09:32:39Z,2019-04-04T09:32:40Z,2019-04-04T09:33:19Z,2019-04-04T09:33:52Z,NA,2019-04-04T09:33:53Z,2019-04-04T09:34:23Z,NA,2019-04-04T09:34:30Z,2019-04-04T09:34:30Z,2019-04-04T09:35:25Z,2019-04-04T09:35:54Z,NA,2019-04-04T09:35:54Z,2019-04-04T09:36:03Z,2019-04-04T09:36:38Z,NA,2019-04-04T09:36:38Z,2019-04-04T09:36:40Z,2019-04-04T09:36:51Z,NA,112.835999965668,73.1770000457764,37.0870001316071,84.311999797821,43.7890000343323,-Inf,FALSE,1,1,1,1,223.100000143051,84.311999797821,43.7890000343323,NA,1,0.97,0.96,0.96,1,1,1,1,1,1,1,1,1,1,1,1,1,1,1,1,1,1,1,1,1
LHQIC,0,0,0,0,0,0,0,2019-04-04T13:42:20Z,2019-04-04T13:43:49Z,NA,2019-04-04T13:44:14Z,2019-04-04T13:44:15Z,2019-04-04T13:44:50Z,NA,2019-04-04T13:45:01Z,2019-04-04T13:45:01Z,2019-04-04T13:45:45Z,NA,2019-04-04T13:45:52Z,2019-04-04T13:45:52Z,2019-04-04T13:46:59Z,NA,2019-04-04T13:47:13Z,2019-04-04T13:47:13Z,2019-04-04T13:47:15Z,NA,2019-04-04T13:47:50Z,2019-04-04T13:47:50Z,2019-04-04T13:47:52Z,NA,2019-04-04T13:48:12Z,114.465000152588,46.4389998912811,50.8220000267029,81.3949999809265,37.0520000457764,21.6719999313354,TRUE,0,0,0,0,211.726000070572,81.3949999809265,37.0520000457764,21.67199993133545,1,1,1,1,1,1,1,1,1,1,1,1,1,1,1,1,1,1,1,1,1,1,1,1,1
LMFAJ,0,0,0,0,0,0,0,2019-04-04T09:41:16Z,2019-04-04T09:41:45Z,NA,2019-04-04T09:42:03Z,2019-04-04T09:42:03Z,2019-04-04T09:42:16Z,NA,2019-04-04T09:42:31Z,2019-04-04T09:42:32Z,2019-04-04T09:42:44Z,NA,2019-04-04T09:42:48Z,2019-04-04T09:42:48Z,2019-04-04T09:43:08Z,NA,2019-04-04T09:43:25Z,2019-04-04T09:43:26Z,2019-04-04T09:43:45Z,NA,2019-04-04T09:43:54Z,2019-04-04T09:43:54Z,2019-04-04T09:44:08Z,NA,2019-04-04T09:44:09Z,47.316999912262,28.5680000782013,16.2200000286102,37.9130001068115,28.7630000114441,14.4409999847412,TRUE,0,0,0,0,92.1050000190735,37.9130001068115,28.7630000114441,14.440999984741211,1,1,1,1,1,1,1,1,1,1,1,1,1,1,1,1,1,1,1,1,1,1,1,1,1
MNPKN,0,1,0,1,0,0,2,2019-04-02T10:28:25Z,2019-04-02T10:29:19Z,NA,2019-04-02T10:29:55Z,2019-04-02T10:29:55Z,2019-04-02T10:31:36Z,2019-04-02T10:31:38Z,NA,2019-04-02T10:31:39Z,2019-04-02T10:32:45Z,NA,2019-04-02T10:32:47Z,2019-04-02T10:32:47Z,2019-04-02T10:33:20Z,2019-04-02T10:33:25Z,NA,2019-04-02T10:33:25Z,2019-04-02T10:34:02Z,NA,2019-04-02T10:34:05Z,2019-04-02T10:34:05Z,2019-04-02T10:34:36Z,NA,2019-04-02T10:34:38Z,90.2539999485016,103.548000097275,68.3049998283386,38.1390001773834,39.9849998950958,33.4400000572205,TRUE,1,1,0,0,262.106999874115,38.1390001773834,39.9849998950958,33.44000005722046,1,0,1,1,1,0,0,0,0,0,0,0,0,0,0,0,0,0,0,0,0,0,0,0,0
MUUWJ,0,0,0,0,0,0,0,2019-04-03T15:17:25Z,2019-04-03T15:18:20Z,NA,2019-04-03T15:18:46Z,2019-04-03T15:18:46Z,2019-04-03T15:18:59Z,NA,2019-04-03T15:19:15Z,2019-04-03T15:19:15Z,2019-04-03T15:19:24Z,NA,2019-04-03T15:19:28Z,2019-04-03T15:19:28Z,2019-04-03T15:20:24Z,NA,2019-04-03T15:20:52Z,2019-04-03T15:20:52Z,2019-04-03T15:20:59Z,NA,2019-04-03T15:21:17Z,2019-04-03T15:21:17Z,2019-04-03T15:21:22Z,NA,2019-04-03T15:21:32Z,81.1219999790192,28.4240000247955,13.2649998664856,83.9900000095367,24.9370000362396,14.7669999599457,TRUE,0,0,0,0,122.8109998703,83.9900000095367,24.9370000362396,14.766999959945679,1,1,1,1,1,1,1,1,1,1,1,1,1,1,1,1,1,1,1,1,1,1,1,1,1
NDOGF,0,0,0,1,0,0,1,2019-04-03T09:08:39Z,2019-04-03T09:09:05Z,NA,2019-04-03T09:09:23Z,2019-04-03T09:09:23Z,2019-04-03T09:09:39Z,NA,2019-04-03T09:09:59Z,2019-04-03T09:09:59Z,2019-04-03T09:10:06Z,NA,2019-04-03T09:10:09Z,2019-04-03T09:10:10Z,2019-04-03T09:10:25Z,2019-04-03T09:10:58Z,NA,2019-04-03T09:10:59Z,2019-04-03T09:11:05Z,NA,2019-04-03T09:11:20Z,2019-04-03T09:11:20Z,2019-04-03T09:11:25Z,NA,2019-04-03T09:11:47Z,44.0209999084473,36.6329998970032,10.3500001430511,48.8209998607635,21.6050000190735,26.8270001411438,TRUE,0,1,0,0,91.0039999485016,48.8209998607635,21.6050000190735,26.8270001411438,1,0.96,1,1,1,0,1,1,1,1,1,1,1,1,1,1,1,1,1,1,0.75,1,1,1,1
NHKWJ,0,0,0,1,1,1,3,2019-04-04T09:18:19Z,2019-04-04T09:19:52Z,NA,2019-04-04T09:21:01Z,2019-04-04T09:21:01Z,2019-04-04T09:21:46Z,NA,2019-04-04T09:22:13Z,2019-04-04T09:22:13Z,2019-04-04T09:22:30Z,NA,2019-04-04T09:22:57Z,2019-04-04T09:22:57Z,2019-04-04T09:23:37Z,2019-04-04T09:24:09Z,NA,2019-04-04T09:24:09Z,2019-04-04T09:24:12Z,2019-04-04T09:24:46Z,NA,2019-04-04T09:24:47Z,2019-04-04T09:24:59Z,2019-04-04T09:25:29Z,NA,162.226000070572,71.864000082016,44.4699997901917,71.875,37.5250000953674,-Inf,FALSE,0,1,1,1,278.55999994278,71.875,37.5250000953674,NA,1,0.96,0.96,0.96,1,1,1,1,1,1,1,1,0,1,1,1,1,1,1,1,1,1,1,1,0
NKPBV,0,1,0,1,1,1,4,2019-04-02T14:27:27Z,2019-04-02T14:27:37Z,NA,2019-04-02T14:27:41Z,2019-04-02T14:27:41Z,2019-04-02T14:27:45Z,2019-04-02T14:27:48Z,NA,2019-04-02T14:27:48Z,2019-04-02T14:27:51Z,NA,2019-04-02T14:27:53Z,2019-04-02T14:27:53Z,2019-04-02T14:28:17Z,2019-04-02T14:28:19Z,NA,2019-04-02T14:28:19Z,2019-04-02T14:28:47Z,2019-04-02T14:28:49Z,NA,2019-04-02T14:28:49Z,2019-04-02T14:28:54Z,2019-04-02T14:29:05Z,NA,14.335000038147,6.83499979972839,5.73000001907349,25.3010001182556,30.0869998931885,-Inf,FALSE,1,1,1,1,26.8999998569489,25.3010001182556,30.0869998931885,NA,1,0.97,0.96,0.96,1,1,1,1,1,1,1,1,1,1,1,1,1,1,1,1,1,1,1,1,1
NNKLI,0,1,0,1,1,1,4,2019-04-03T08:49:29Z,2019-04-03T08:50:46Z,NA,2019-04-03T08:52:14Z,2019-04-03T08:52:14Z,2019-04-03T08:52:32Z,2019-04-03T08:53:32Z,NA,2019-04-03T08:53:32Z,2019-04-03T08:54:59Z,NA,2019-04-03T08:55:15Z,2019-04-03T08:55:15Z,2019-04-03T08:55:38Z,2019-04-03T08:57:13Z,NA,2019-04-03T08:57:13Z,2019-04-03T08:57:26Z,2019-04-03T08:57:52Z,NA,2019-04-03T08:57:52Z,2019-04-03T08:57:59Z,2019-04-03T08:58:15Z,NA,165.676999807358,77.6510000228882,103.506000041962,117.538000106812,39.385999917984,-Inf,FALSE,1,1,1,1,346.833999872208,117.538000106812,39.385999917984,NA,1,0.96,0.8,0.96,1,1,1,1,1,1,1,1,0,1,1,1,1,1,1,1,1,1,1,1,0
NSDRQ,0,1,0,1,1,1,4,2019-04-04T14:33:19Z,2019-04-04T14:34:04Z,NA,2019-04-04T14:34:17Z,2019-04-04T14:34:17Z,2019-04-04T14:35:25Z,2019-04-04T14:35:34Z,NA,2019-04-04T14:35:34Z,2019-04-04T14:36:24Z,NA,2019-04-04T14:36:41Z,2019-04-04T14:36:42Z,2019-04-04T14:37:10Z,2019-04-04T14:37:53Z,NA,2019-04-04T14:37:53Z,2019-04-04T14:38:08Z,2019-04-04T14:38:27Z,NA,2019-04-04T14:38:27Z,2019-04-04T14:38:30Z,2019-04-04T14:38:52Z,NA,57.327999830246,77.5989999771118,67.3510000705719,71.404000043869,33.885999917984,-Inf,FALSE,1,1,1,1,202.27799987793,71.404000043869,33.885999917984,NA,1,0.96,0.96,0.96,1,1,1,1,1,1,1,1,0,1,1,1,1,1,1,1,1,1,1,1,0
OJUEN,0,0,0,0,0,0,0,2019-04-03T12:23:34Z,2019-04-03T12:24:10Z,NA,2019-04-03T12:24:39Z,2019-04-03T12:24:39Z,2019-04-03T12:24:55Z,NA,2019-04-03T12:25:15Z,2019-04-03T12:25:16Z,2019-04-03T12:25:25Z,NA,2019-04-03T12:25:29Z,2019-04-03T12:25:29Z,2019-04-03T12:25:41Z,NA,2019-04-03T12:26:25Z,2019-04-03T12:26:26Z,2019-04-03T12:26:29Z,NA,2019-04-03T12:27:02Z,2019-04-03T12:27:02Z,2019-04-03T12:27:05Z,NA,2019-04-03T12:27:14Z,64.7740001678467,36.9889998435974,13.0280001163483,56.8889999389648,36.2669999599457,12.0599999427795,TRUE,0,0,0,0,114.791000127792,56.8889999389648,36.2669999599457,12.059999942779541,1,1,1,1,1,1,1,1,1,1,1,1,1,1,1,1,1,1,1,1,1,1,1,1,1
OPVJR,0,0,0,0,0,0,0,2019-04-04T13:56:06Z,2019-04-04T13:56:44Z,NA,2019-04-04T13:57:07Z,2019-04-04T13:57:07Z,2019-04-04T13:57:50Z,NA,2019-04-04T13:58:06Z,2019-04-04T13:58:06Z,2019-04-04T13:58:14Z,NA,2019-04-04T13:58:18Z,2019-04-04T13:58:18Z,2019-04-04T13:58:52Z,NA,2019-04-04T13:59:02Z,2019-04-04T13:59:02Z,2019-04-04T13:59:52Z,NA,2019-04-04T14:00:40Z,2019-04-04T14:00:40Z,2019-04-04T14:01:26Z,NA,2019-04-04T14:01:28Z,61.4460000991821,59.385999917984,11.5720000267029,44.4190001487732,97.2699999809265,47.8429999351501,TRUE,0,0,0,0,132.404000043869,44.4190001487732,97.2699999809265,47.84299993515015,1,1,1,1,1,1,1,1,1,1,1,1,1,1,1,1,1,1,1,1,1,1,1,1,1
OTCKP,0,0,0,0,0,0,0,2019-04-03T14:44:41Z,2019-04-03T14:45:21Z,NA,2019-04-03T14:46:23Z,2019-04-03T14:46:23Z,2019-04-03T14:46:48Z,NA,2019-04-03T14:47:08Z,2019-04-03T14:47:08Z,2019-04-03T14:47:26Z,NA,2019-04-03T14:47:45Z,2019-04-03T14:47:45Z,2019-04-03T14:48:05Z,NA,2019-04-03T14:48:41Z,2019-04-03T14:48:41Z,2019-04-03T14:48:45Z,NA,2019-04-03T14:49:02Z,2019-04-03T14:49:02Z,2019-04-03T14:49:24Z,NA,2019-04-03T14:49:26Z,101.671000003815,45.414999961853,37.0279998779297,55.7810001373291,21.3150000572205,23.1859998703003,TRUE,0,0,0,0,184.113999843597,55.7810001373291,21.3150000572205,23.185999870300293,1,1,1,1,1,1,1,1,1,1,1,1,1,1,1,1,1,1,1,1,1,1,1,1,1
PHVMH,0,1,0,1,1,1,4,2019-04-04T13:25:59Z,2019-04-04T13:26:36Z,NA,2019-04-04T13:27:13Z,2019-04-04T13:27:13Z,2019-04-04T13:27:39Z,2019-04-04T13:28:21Z,NA,2019-04-04T13:28:21Z,2019-04-04T13:28:37Z,NA,2019-04-04T13:29:00Z,2019-04-04T13:29:00Z,2019-04-04T13:29:24Z,2019-04-04T13:30:05Z,NA,2019-04-04T13:30:05Z,2019-04-04T13:30:14Z,2019-04-04T13:30:37Z,NA,2019-04-04T13:30:37Z,2019-04-04T13:30:44Z,2019-04-04T13:31:05Z,NA,73.7360000610352,68.316999912262,39.0750000476837,64.9089999198914,31.9739999771118,-Inf,FALSE,1,1,1,1,181.128000020981,64.9089999198914,31.9739999771118,NA,1,0.96,0.96,0.96,1,1,1,1,1,1,1,1,0,1,1,1,1,1,1,1,1,1,1,1,0
PRMOW,0,1,0,1,1,1,4,2019-04-03T11:22:54Z,2019-04-03T11:23:37Z,NA,2019-04-03T11:23:39Z,2019-04-03T11:23:39Z,2019-04-03T11:24:10Z,2019-04-03T11:24:11Z,NA,2019-04-03T11:24:11Z,2019-04-03T11:24:16Z,NA,2019-04-03T11:24:20Z,2019-04-03T11:24:20Z,2019-04-03T11:25:51Z,2019-04-03T11:26:05Z,NA,2019-04-03T11:26:05Z,2019-04-03T11:26:11Z,2019-04-03T11:26:14Z,NA,2019-04-03T11:26:14Z,2019-04-03T11:26:45Z,2019-04-03T11:26:51Z,NA,44.9210000038147,32.6189999580383,8.41899991035461,105.151000022888,9.35500001907349,-Inf,FALSE,1,1,1,1,85.9589998722076,105.151000022888,9.35500001907349,NA,1,0.96,0,0,1,1,1,1,1,1,1,1,0,1,1,1,1,1,1,1,1,1,1,1,0
QLENT,0,0,0,0,0,0,0,2019-04-04T10:00:29Z,2019-04-04T10:00:55Z,NA,2019-04-04T10:01:08Z,2019-04-04T10:01:08Z,2019-04-04T10:01:58Z,NA,2019-04-04T10:02:20Z,2019-04-04T10:02:21Z,2019-04-04T10:02:41Z,NA,2019-04-04T10:02:46Z,2019-04-04T10:02:46Z,2019-04-04T10:03:20Z,NA,2019-04-04T10:03:56Z,2019-04-04T10:03:57Z,2019-04-04T10:04:16Z,NA,2019-04-04T10:04:17Z,2019-04-04T10:04:17Z,2019-04-04T10:04:21Z,NA,2019-04-04T10:04:28Z,39.6849999427795,72.1289999485016,25.518000125885,70.4119999408722,20.7309999465942,10.4700000286102,TRUE,0,0,0,0,137.332000017166,70.4119999408722,20.7309999465942,10.47000002861023,1,1,1,1,1,1,1,1,1,1,1,1,1,1,1,1,1,1,1,1,1,1,1,1,1
QXIHV,0,0,0,0,0,1,1,2019-04-04T09:46:13Z,2019-04-04T09:46:51Z,NA,2019-04-04T09:47:05Z,2019-04-04T09:47:05Z,2019-04-04T09:47:27Z,NA,2019-04-04T09:47:32Z,2019-04-04T09:47:33Z,2019-04-04T09:48:20Z,NA,2019-04-04T09:48:35Z,2019-04-04T09:48:35Z,2019-04-04T09:48:59Z,NA,2019-04-04T09:49:45Z,2019-04-04T09:49:45Z,2019-04-04T09:50:55Z,NA,2019-04-04T09:50:57Z,2019-04-04T09:50:58Z,2019-04-04T09:51:08Z,2019-04-04T09:51:09Z,NA,52.3389999866486,27.7919998168945,62.3070001602173,70.4749999046326,72.2030000686646,-Inf,FALSE,0,0,0,1,142.43799996376,70.4749999046326,72.2030000686646,NA,1,1,1,0.88,1,1,1,1,1,1,1,1,1,1,1,1,1,1,1,1,1,1,1,1,1
SAOAL,0,0,0,0,0,0,0,2019-04-03T12:05:01Z,2019-04-03T12:05:26Z,NA,2019-04-03T12:05:39Z,2019-04-03T12:05:39Z,2019-04-03T12:05:51Z,NA,2019-04-03T12:06:07Z,2019-04-03T12:06:07Z,2019-04-03T12:06:13Z,NA,2019-04-03T12:06:24Z,2019-04-03T12:06:25Z,2019-04-03T12:06:40Z,NA,2019-04-03T12:06:54Z,2019-04-03T12:06:54Z,2019-04-03T12:07:00Z,NA,2019-04-03T12:07:10Z,2019-04-03T12:07:10Z,2019-04-03T12:07:12Z,NA,2019-04-03T12:07:27Z,37.7890000343323,28.0409998893738,17.6970000267029,29.7400000095367,15.664999961853,16.5840001106262,TRUE,0,0,0,0,83.5269999504089,29.7400000095367,15.664999961853,16.58400011062622,1,1,1,1,1,1,1,1,1,1,1,1,1,1,1,1,1,1,1,1,1,1,1,1,1
SJAVE,0,0,0,1,1,1,3,2019-04-02T13:39:39Z,2019-04-02T13:40:40Z,NA,2019-04-02T13:40:46Z,2019-04-02T13:40:46Z,2019-04-02T13:41:08Z,NA,2019-04-02T13:41:10Z,2019-04-02T13:41:10Z,2019-04-02T13:41:22Z,NA,2019-04-02T13:41:24Z,2019-04-02T13:41:25Z,2019-04-02T13:42:33Z,2019-04-02T13:42:34Z,NA,2019-04-02T13:42:34Z,2019-04-02T13:42:38Z,2019-04-02T13:42:44Z,NA,2019-04-02T13:42:44Z,2019-04-02T13:43:07Z,2019-04-02T13:43:10Z,NA,66.9270000457764,24.0060000419617,14.4670000076294,69.7890000343323,10.0199999809265,-Inf,FALSE,0,1,1,1,105.400000095367,69.7890000343323,10.0199999809265,NA,1,0.88,0.88,0.88,1,1,1,1,1,1,1,1,1,1,1,1,0,0,0,0.8,0.75,1,1,0,1
SWAAT,0,0,0,0,0,0,0,2019-04-04T12:35:32Z,2019-04-04T12:36:00Z,NA,2019-04-04T12:36:15Z,2019-04-04T12:36:15Z,2019-04-04T12:36:59Z,NA,2019-04-04T12:37:03Z,2019-04-04T12:37:04Z,2019-04-04T12:37:11Z,NA,2019-04-04T12:37:16Z,2019-04-04T12:37:16Z,2019-04-04T12:37:34Z,NA,2019-04-04T12:37:46Z,2019-04-04T12:37:46Z,2019-04-04T12:38:06Z,NA,2019-04-04T12:38:23Z,2019-04-04T12:38:23Z,2019-04-04T12:38:26Z,NA,2019-04-04T12:38:37Z,43.6490001678467,48.3429999351501,12.0179998874664,30.2840001583099,37.0859999656677,13.7549998760223,TRUE,0,0,0,0,104.009999990463,30.2840001583099,37.0859999656677,13.754999876022339,1,1,1,1,1,1,1,1,1,1,1,1,1,1,1,1,1,1,1,1,1,1,1,1,1
SXYHE,0,1,0,1,1,1,4,2019-04-03T09:13:27Z,2019-04-03T09:14:08Z,NA,2019-04-03T09:15:28Z,2019-04-03T09:15:28Z,2019-04-03T09:16:11Z,2019-04-03T09:16:40Z,NA,2019-04-03T09:16:40Z,2019-04-03T09:17:02Z,NA,2019-04-03T09:17:07Z,2019-04-03T09:17:07Z,2019-04-03T09:17:39Z,2019-04-03T09:18:19Z,NA,2019-04-03T09:18:19Z,2019-04-03T09:18:49Z,2019-04-03T09:19:20Z,NA,2019-04-03T09:19:20Z,2019-04-03T09:19:26Z,2019-04-03T09:19:38Z,NA,120.516999959946,72.5320000648499,26.9219999313354,71.5769999027252,61.625,-Inf,FALSE,1,1,1,1,219.970999956131,71.5769999027252,61.625,NA,1,0.96,0.96,0.96,1,1,1,1,1,1,1,1,0,1,1,1,1,1,1,1,1,1,1,1,0
TECAQ,0,0,0,0,0,0,0,2019-04-02T10:09:27Z,2019-04-02T10:09:58Z,NA,2019-04-02T10:10:04Z,2019-04-02T10:10:04Z,2019-04-02T10:10:10Z,NA,2019-04-02T10:10:13Z,2019-04-02T10:10:14Z,2019-04-02T10:10:16Z,NA,2019-04-02T10:10:19Z,2019-04-02T10:10:20Z,2019-04-02T10:10:39Z,NA,2019-04-02T10:10:44Z,2019-04-02T10:10:44Z,2019-04-02T10:10:46Z,NA,2019-04-02T10:10:56Z,2019-04-02T10:10:57Z,2019-04-02T10:11:02Z,NA,2019-04-02T10:11:09Z,37.2360000610352,9.47399997711182,5.95599985122681,24.8310000896454,12.1819999217987,12.5260000228882,TRUE,0,0,0,0,52.6659998893738,24.8310000896454,12.1819999217987,12.526000022888184,1,1,1,1,1,1,1,1,1,1,1,1,1,1,1,1,1,1,1,1,1,1,1,1,1
TYMWP,0,0,0,0,0,1,1,2019-04-03T11:10:15Z,2019-04-03T11:10:55Z,NA,2019-04-03T11:11:12Z,2019-04-03T11:11:12Z,2019-04-03T11:11:21Z,NA,2019-04-03T11:11:37Z,2019-04-03T11:11:38Z,2019-04-03T11:11:58Z,NA,2019-04-03T11:12:09Z,2019-04-03T11:12:09Z,2019-04-03T11:12:51Z,NA,2019-04-03T11:13:23Z,2019-04-03T11:13:23Z,2019-04-03T11:13:28Z,NA,2019-04-03T11:13:50Z,2019-04-03T11:13:51Z,2019-04-03T11:14:05Z,2019-04-03T11:14:07Z,NA,57.1240000724792,25.8599998950958,31.414999961853,73.625,27.8589999675751,-Inf,FALSE,0,0,0,1,114.398999929428,73.625,27.8589999675751,NA,1,1,1,0.88,1,1,1,1,1,1,1,1,1,1,1,1,1,1,1,1,1,1,1,1,1
UIBYC,0,0,0,0,0,0,0,2019-04-04T14:48:42Z,2019-04-04T14:49:11Z,NA,2019-04-04T14:49:29Z,2019-04-04T14:49:29Z,2019-04-04T14:49:43Z,NA,2019-04-04T14:49:58Z,2019-04-04T14:49:58Z,2019-04-04T14:50:11Z,NA,2019-04-04T14:50:14Z,2019-04-04T14:50:14Z,2019-04-04T14:50:47Z,NA,2019-04-04T14:51:00Z,2019-04-04T14:51:00Z,2019-04-04T14:51:33Z,NA,2019-04-04T14:51:38Z,2019-04-04T14:51:38Z,2019-04-04T14:52:33Z,NA,2019-04-04T14:52:39Z,47.4230000972748,28.7550001144409,16.5249998569489,45.5650000572205,38.4400000572205,60.1569998264313,TRUE,0,0,0,0,92.7030000686646,45.5650000572205,38.4400000572205,60.156999826431274,1,1,1,1,1,1,1,1,1,1,1,1,1,1,1,1,1,1,1,1,1,1,1,1,1
VAUCW,0,0,0,0,0,0,0,2019-04-03T13:21:07Z,2019-04-03T13:21:29Z,NA,2019-04-03T13:21:46Z,2019-04-03T13:21:46Z,2019-04-03T13:21:55Z,NA,2019-04-03T13:21:58Z,2019-04-03T13:21:59Z,2019-04-03T13:22:25Z,NA,2019-04-03T13:22:27Z,2019-04-03T13:22:28Z,2019-04-03T13:22:43Z,NA,2019-04-03T13:23:03Z,2019-04-03T13:23:03Z,2019-04-03T13:23:45Z,NA,2019-04-03T13:23:59Z,2019-04-03T13:24:00Z,2019-04-03T13:24:03Z,NA,2019-04-03T13:24:11Z,39.353000164032,12.6659998893738,29.2249999046326,34.9990000724792,56.805999994278,11.1400001049042,TRUE,0,0,0,0,81.2439999580383,34.9990000724792,56.805999994278,11.140000104904175,1,1,1,1,1,1,1,1,1,1,1,1,1,1,1,1,1,1,1,1,1,1,1,1,1
VBASS,0,0,0,0,0,0,0,2019-04-04T10:17:10Z,2019-04-04T10:17:44Z,NA,2019-04-04T10:18:12Z,2019-04-04T10:18:12Z,2019-04-04T10:18:40Z,NA,2019-04-04T10:18:58Z,2019-04-04T10:18:59Z,2019-04-04T10:19:11Z,NA,2019-04-04T10:19:16Z,2019-04-04T10:19:16Z,2019-04-04T10:19:41Z,NA,2019-04-04T10:19:54Z,2019-04-04T10:19:54Z,2019-04-04T10:19:56Z,NA,2019-04-04T10:20:10Z,2019-04-04T10:20:10Z,2019-04-04T10:20:12Z,NA,2019-04-04T10:20:32Z,62.2999999523163,46.1389999389648,17.25,37.970999956131,16.2740001678467,21.8079998493195,TRUE,0,0,0,0,125.688999891281,37.970999956131,16.2740001678467,21.807999849319458,1,1,1,1,1,1,1,1,1,1,1,1,1,1,1,1,1,1,1,1,1,1,1,1,1
VJCBY,0,0,0,0,0,1,1,2019-04-04T08:05:58Z,2019-04-04T08:06:36Z,NA,2019-04-04T08:07:18Z,2019-04-04T08:07:18Z,2019-04-04T08:07:24Z,NA,2019-04-04T08:07:51Z,2019-04-04T08:07:52Z,2019-04-04T08:08:14Z,NA,2019-04-04T08:08:16Z,2019-04-04T08:08:16Z,2019-04-04T08:08:44Z,NA,2019-04-04T08:09:15Z,2019-04-04T08:09:15Z,2019-04-04T08:09:33Z,NA,2019-04-04T08:09:35Z,2019-04-04T08:09:36Z,2019-04-04T08:09:40Z,2019-04-04T08:10:12Z,NA,80.0039999485016,33.1780002117157,24.8149998188019,58.9900000095367,20.2760000228882,-Inf,FALSE,0,0,0,1,137.996999979019,58.9900000095367,20.2760000228882,NA,1,1,1,0.88,1,1,1,1,1,1,1,1,1,1,1,1,1,1,1,1,1,1,1,1,1
VQGEY,0,1,0,1,1,1,4,2019-04-03T09:26:31Z,2019-04-03T09:27:38Z,NA,2019-04-03T09:28:26Z,2019-04-03T09:28:26Z,2019-04-03T09:28:35Z,2019-04-03T09:28:52Z,NA,2019-04-03T09:28:52Z,2019-04-03T09:29:05Z,NA,2019-04-03T09:29:15Z,2019-04-03T09:29:15Z,2019-04-03T09:29:29Z,2019-04-03T09:30:03Z,NA,2019-04-03T09:30:03Z,2019-04-03T09:30:12Z,2019-04-03T09:30:25Z,NA,2019-04-03T09:30:25Z,2019-04-03T09:30:32Z,2019-04-03T09:30:44Z,NA,114.969000101089,26.1700000762939,23.0309998989105,48.2360000610352,21.9559998512268,-Inf,FALSE,1,1,1,1,164.170000076294,48.2360000610352,21.9559998512268,NA,1,0.97,0.96,0.96,1,1,1,1,1,1,1,1,1,1,1,1,1,1,1,1,1,1,1,1,1
VWMFN,0,0,0,1,1,1,3,2019-04-03T08:11:05Z,2019-04-03T08:12:07Z,NA,2019-04-03T08:12:14Z,2019-04-03T08:12:14Z,2019-04-03T08:12:45Z,NA,2019-04-03T08:13:00Z,2019-04-03T08:13:00Z,2019-04-03T08:13:11Z,NA,2019-04-03T08:13:15Z,2019-04-03T08:13:16Z,2019-04-03T08:13:43Z,2019-04-03T08:13:46Z,NA,2019-04-03T08:13:46Z,2019-04-03T08:14:13Z,2019-04-03T08:14:15Z,NA,2019-04-03T08:14:15Z,2019-04-03T08:14:32Z,2019-04-03T08:14:34Z,NA,68.9279999732971,45.8029999732971,15.688000202179,30.6699998378754,28.8359999656677,-Inf,FALSE,0,1,1,1,130.419000148773,30.6699998378754,28.8359999656677,NA,1,0.92,0.88,0.88,1,0,1,1,1,1,1,1,1,1,1,1,1,1,0,1,0.75,1,1,0,1
WFGXD,0,0,0,0,0,0,0,2019-04-04T10:07:44Z,2019-04-04T10:08:42Z,NA,2019-04-04T10:09:24Z,2019-04-04T10:09:24Z,2019-04-04T10:09:43Z,NA,2019-04-04T10:10:03Z,2019-04-04T10:10:03Z,2019-04-04T10:10:54Z,NA,2019-04-04T10:11:00Z,2019-04-04T10:11:00Z,2019-04-04T10:11:17Z,NA,2019-04-04T10:11:32Z,2019-04-04T10:11:32Z,2019-04-04T10:11:36Z,NA,2019-04-04T10:11:58Z,2019-04-04T10:11:58Z,2019-04-04T10:12:24Z,NA,2019-04-04T10:12:50Z,100.476000070572,38.6389999389648,57.4020001888275,32.0130000114441,25.5499999523163,52.1459999084473,TRUE,0,0,0,0,196.517000198364,32.0130000114441,25.5499999523163,52.145999908447266,1,1,1,1,1,1,1,1,1,1,1,1,1,1,1,1,1,1,1,1,1,1,1,1,1
WHGRC,0,0,0,1,1,0,2,2019-04-02T14:03:13Z,2019-04-02T14:04:51Z,NA,2019-04-02T14:04:53Z,2019-04-02T14:04:53Z,2019-04-02T14:06:43Z,NA,2019-04-02T14:06:47Z,2019-04-02T14:06:47Z,2019-04-02T14:07:07Z,NA,2019-04-02T14:07:13Z,2019-04-02T14:07:14Z,2019-04-02T14:07:45Z,2019-04-02T14:08:18Z,NA,2019-04-02T14:08:18Z,2019-04-02T14:08:21Z,2019-04-02T14:08:52Z,NA,2019-04-02T14:08:52Z,2019-04-02T14:09:54Z,NA,2019-04-02T14:09:57Z,100.012000083923,114.009000062943,26.1619999408722,64.1480000019073,34.2720000743866,65.1299998760223,TRUE,0,1,1,0,240.183000087738,64.1480000019073,34.2720000743866,65.12999987602234,1,0.88,0.88,1,1,1,1,1,1,1,1,1,1,1,1,1,0,0,0,0.8,0.75,1,1,0,1
WKQWU,0,0,0,0,0,0,0,2019-04-03T15:39:21Z,2019-04-03T15:39:40Z,NA,2019-04-03T15:39:56Z,2019-04-03T15:39:56Z,2019-04-03T15:40:10Z,NA,2019-04-03T15:40:30Z,2019-04-03T15:40:30Z,2019-04-03T15:40:42Z,NA,2019-04-03T15:40:48Z,2019-04-03T15:40:48Z,2019-04-03T15:41:21Z,NA,2019-04-03T15:41:37Z,2019-04-03T15:41:38Z,2019-04-03T15:41:42Z,NA,2019-04-03T15:42:03Z,2019-04-03T15:42:03Z,2019-04-03T15:42:07Z,NA,2019-04-03T15:42:15Z,34.585000038147,34.0880000591278,18.2279999256134,49.4620001316071,25.6169998645782,12.0499999523163,TRUE,0,0,0,0,86.9010000228882,49.4620001316071,25.6169998645782,12.049999952316284,1,1,1,1,1,1,1,1,1,1,1,1,1,1,1,1,1,1,1,1,1,1,1,1,1
WKQXQ,0,1,0,1,1,1,4,2019-04-03T08:27:12Z,2019-04-03T08:28:22Z,NA,2019-04-03T08:29:10Z,2019-04-03T08:29:11Z,2019-04-03T08:29:46Z,2019-04-03T08:30:18Z,NA,2019-04-03T08:30:18Z,2019-04-03T08:30:36Z,NA,2019-04-03T08:31:11Z,2019-04-03T08:31:11Z,2019-04-03T08:31:40Z,2019-04-03T08:32:47Z,NA,2019-04-03T08:32:48Z,2019-04-03T08:33:10Z,2019-04-03T08:33:52Z,NA,2019-04-03T08:33:52Z,2019-04-03T08:34:01Z,2019-04-03T08:34:46Z,NA,118.955999851227,67.1019999980927,53.6160001754761,96.2539999485016,64.3919999599457,-Inf,FALSE,1,1,1,1,239.674000024796,96.2539999485016,64.3919999599457,NA,1,0.96,0.96,0.96,1,1,1,1,1,1,1,1,0,1,1,1,1,1,1,1,1,1,1,1,0
WLNSX,0,0,0,0,0,1,1,2019-04-03T12:31:57Z,2019-04-03T12:32:28Z,NA,2019-04-03T12:32:54Z,2019-04-03T12:32:54Z,2019-04-03T12:33:04Z,NA,2019-04-03T12:33:18Z,2019-04-03T12:33:18Z,2019-04-03T12:33:27Z,NA,2019-04-03T12:33:35Z,2019-04-03T12:33:35Z,2019-04-03T12:33:45Z,NA,2019-04-03T12:34:11Z,2019-04-03T12:34:12Z,2019-04-03T12:34:17Z,NA,2019-04-03T12:34:33Z,2019-04-03T12:34:33Z,2019-04-03T12:34:45Z,2019-04-03T12:34:46Z,NA,57.9029998779297,23.7860000133514,16.5930001735687,36.8519999980927,21.1849999427795,-Inf,FALSE,0,0,0,1,98.2820000648499,36.8519999980927,21.1849999427795,NA,1,1,1,0.88,1,1,1,1,1,1,1,1,1,1,1,1,1,1,1,1,1,1,1,1,1
WSDOE,0,0,0,0,0,1,1,2019-04-04T08:55:48Z,2019-04-04T08:56:16Z,NA,2019-04-04T08:56:43Z,2019-04-04T08:56:44Z,2019-04-04T08:56:53Z,NA,2019-04-04T08:57:07Z,2019-04-04T08:57:07Z,2019-04-04T08:57:36Z,NA,2019-04-04T08:57:53Z,2019-04-04T08:57:53Z,2019-04-04T08:58:14Z,NA,2019-04-04T08:59:12Z,2019-04-04T08:59:12Z,2019-04-04T08:59:18Z,NA,2019-04-04T08:59:45Z,2019-04-04T08:59:45Z,2019-04-04T08:59:49Z,2019-04-04T09:00:13Z,NA,55.3949999809265,23.7309999465942,45.7240002155304,79.0709998607635,33.1730000972748,-Inf,FALSE,0,0,0,1,124.850000143051,79.0709998607635,33.1730000972748,NA,1,1,1,0.88,1,1,1,1,1,1,1,1,1,1,1,1,1,1,1,1,1,1,1,1,1
XBWCM,0,0,0,0,0,0,0,2019-04-04T14:25:36Z,2019-04-04T14:26:24Z,NA,2019-04-04T14:26:47Z,2019-04-04T14:26:47Z,2019-04-04T14:27:10Z,NA,2019-04-04T14:27:16Z,2019-04-04T14:27:16Z,2019-04-04T14:27:46Z,NA,2019-04-04T14:27:50Z,2019-04-04T14:27:50Z,2019-04-04T14:28:22Z,NA,2019-04-04T14:28:37Z,2019-04-04T14:28:38Z,2019-04-04T14:29:55Z,NA,2019-04-04T14:30:01Z,2019-04-04T14:30:01Z,2019-04-04T14:30:09Z,NA,2019-04-04T14:30:20Z,71.356999874115,28.864000082016,33.9779999256134,47.7620000839233,83.4240000247955,18.9990000724792,TRUE,0,0,0,0,134.198999881744,47.7620000839233,83.4240000247955,18.999000072479248,1,1,1,1,1,1,1,1,1,1,1,1,1,1,1,1,1,1,1,1,1,1,1,1,1
XEBBS,0,0,0,1,1,1,3,2019-04-03T08:44:34Z,2019-04-03T08:45:07Z,NA,2019-04-03T08:45:29Z,2019-04-03T08:45:29Z,2019-04-03T08:45:55Z,NA,2019-04-03T08:46:22Z,2019-04-03T08:46:22Z,2019-04-03T08:46:42Z,NA,2019-04-03T08:46:46Z,2019-04-03T08:46:46Z,2019-04-03T08:47:15Z,2019-04-03T08:47:26Z,NA,2019-04-03T08:47:26Z,2019-04-03T08:48:33Z,2019-04-03T08:48:42Z,NA,2019-04-03T08:48:43Z,2019-04-03T08:49:58Z,2019-04-03T08:50:04Z,NA,54.7290000915527,53.1059999465942,23.7829999923706,40.4249999523163,76.664999961853,-Inf,FALSE,0,1,1,1,131.618000030518,40.4249999523163,76.664999961853,NA,1,0.96,0.88,0,1,0,1,1,1,1,1,1,1,1,1,1,1,1,1,1,0.75,1,1,1,1
YHXWR,0,0,0,0,0,0,0,2019-04-03T12:51:55Z,2019-04-03T12:52:28Z,NA,2019-04-03T12:52:49Z,2019-04-03T12:52:49Z,2019-04-03T12:53:00Z,NA,2019-04-03T12:53:12Z,2019-04-03T12:53:12Z,2019-04-03T12:53:27Z,NA,2019-04-03T12:53:32Z,2019-04-03T12:53:32Z,2019-04-03T12:53:53Z,NA,2019-04-03T12:54:10Z,2019-04-03T12:54:10Z,2019-04-03T12:54:26Z,NA,2019-04-03T12:54:42Z,2019-04-03T12:54:42Z,2019-04-03T12:55:09Z,NA,2019-04-03T12:55:19Z,53.8549997806549,22.6460001468658,20.4019999504089,37.7130000591278,32.1900000572205,36.9869999885559,TRUE,0,0,0,0,96.9029998779297,37.7130000591278,32.1900000572205,36.98699998855591,1,1,1,1,1,1,1,1,1,1,1,1,1,1,1,1,1,1,1,1,1,1,1,1,1
YQNOD,0,0,0,0,1,0,1,2019-04-04T11:38:11Z,2019-04-04T11:38:33Z,NA,2019-04-04T11:38:46Z,2019-04-04T11:38:46Z,2019-04-04T11:39:13Z,NA,2019-04-04T11:39:33Z,2019-04-04T11:39:33Z,2019-04-04T11:39:43Z,NA,2019-04-04T11:39:51Z,2019-04-04T11:39:51Z,2019-04-04T11:40:24Z,NA,2019-04-04T11:40:42Z,2019-04-04T11:40:42Z,2019-04-04T11:41:33Z,2019-04-04T11:41:34Z,NA,2019-04-04T11:41:35Z,2019-04-04T11:41:45Z,NA,2019-04-04T11:41:46Z,35.8159999847412,46.489000082016,17.7710001468658,51.6969997882843,52.2090001106262,11.808000087738,TRUE,0,0,1,0,100.076000213623,51.6969997882843,52.2090001106262,11.808000087738037,1,1,0.88,1,1,1,1,1,1,1,1,1,1,1,1,1,1,1,1,1,1,1,1,1,1
